{
  "category": [
    {
      "children": [
        {
          "children": [
            {
              "id": "1-1-1",
              "isleaf": "1",
              "isshow": "1",
              "label": "HTML/CSS",
              "name": "HTML/CSS",
              "orderby": 1,
              "parentid": "1-1"
            },
            {
              "id": "1-1-2",
              "isleaf": "1",
              "isshow": "1",
              "label": "JavaScript",
              "name": "JavaScript",
              "orderby": 2,
              "parentid": "1-1"
            },
            {
              "id": "1-1-3",
              "isleaf": "1",
              "isshow": "1",
              "label": "jQuery",
              "name": "jQuery",
              "orderby": 3,
              "parentid": "1-1"
            },
            {
              "id": "1-1-4",
              "isleaf": "1",
              "isshow": "1",
              "label": "ExtJS",
              "name": "ExtJS",
              "orderby": 4,
              "parentid": "1-1"
            },
            {
              "id": "1-1-5",
              "isleaf": "1",
              "isshow": "1",
              "label": "AngularJS",
              "name": "AngularJS",
              "orderby": 5,
              "parentid": "1-1"
            },
            {
              "id": "1-1-6",
              "isleaf": "1",
              "isshow": "1",
              "label": "ReactJS",
              "name": "ReactJS",
              "orderby": 6,
              "parentid": "1-1"
            },
            {
              "id": "1-1-7",
              "isleaf": "1",
              "isshow": "1",
              "label": "Bootstrap",
              "name": "Bootstrap",
              "orderby": 7,
              "parentid": "1-1"
            },
            {
              "id": "1-1-8",
              "isleaf": "1",
              "isshow": "1",
              "label": "Node.js",
              "name": "Node.js",
              "orderby": 8,
              "parentid": "1-1"
            },
            {
              "id": "1-1-9",
              "isleaf": "1",
              "isshow": "1",
              "label": "Vue",
              "name": "Vue",
              "orderby": 9,
              "parentid": "1-1"
            },
            {
              "id": "1-1-10",
              "isleaf": "1",
              "isshow": "1",
              "label": "其它",
              "name": "其它",
              "orderby": 10,
              "parentid": "1-1"
            }
          ],
          "id": "1-1",
          "isleaf": "0",
          "isshow": "1",
          "label": "前端开发",
          "name": "前端开发",
          "orderby": 1,
          "parentid": "1"
        },
        {
          "children": [
            {
              "id": "1-2-1",
              "isleaf": "1",
              "isshow": "1",
              "label": "微信开发",
              "name": "微信开发",
              "orderby": 1,
              "parentid": "1-2"
            },
            {
              "id": "1-2-2",
              "isleaf": "1",
              "isshow": "1",
              "label": "iOS",
              "name": "iOS",
              "orderby": 2,
              "parentid": "1-2"
            },
            {
              "id": "1-2-3",
              "isleaf": "1",
              "isshow": "1",
              "label": "手游开发",
              "name": "手游开发",
              "orderby": 3,
              "parentid": "1-2"
            },
            {
              "id": "1-2-4",
              "isleaf": "1",
              "isshow": "1",
              "label": "Swift",
              "name": "Swift",
              "orderby": 4,
              "parentid": "1-2"
            },
            {
              "id": "1-2-5",
              "isleaf": "1",
              "isshow": "1",
              "label": "Android",
              "name": "Android",
              "orderby": 5,
              "parentid": "1-2"
            },
            {
              "id": "1-2-6",
              "isleaf": "1",
              "isshow": "1",
              "label": "ReactNative",
              "name": "ReactNative",
              "orderby": 6,
              "parentid": "1-2"
            },
            {
              "id": "1-2-7",
              "isleaf": "1",
              "isshow": "1",
              "label": "Cordova",
              "name": "Cordova",
              "orderby": 7,
              "parentid": "1-2"
            },
            {
              "id": "1-2-8",
              "isleaf": "1",
              "isshow": "1",
              "label": "其它",
              "name": "其它",
              "orderby": 8,
              "parentid": "1-2"
            }
          ],
          "id": "1-2",
          "isleaf": "0",
          "isshow": "1",
          "label": "移动开发",
          "name": "移动开发",
          "orderby": 2,
          "parentid": "1"
        },
        {
          "children": [
            {
              "id": "1-3-1",
              "isleaf": "1",
              "isshow": "1",
              "label": "C/C++",
              "name": "C/C++",
              "orderby": 1,
              "parentid": "1-3"
            },
            {
              "id": "1-3-2",
              "isleaf": "1",
              "isshow": "1",
              "label": "Java",
              "name": "Java",
              "orderby": 2,
              "parentid": "1-3"
            },
            {
              "id": "1-3-3",
              "isleaf": "1",
              "isshow": "1",
              "label": ".NET",
              "name": ".NET",
              "orderby": 3,
              "parentid": "1-3"
            },
            {
              "id": "1-3-4",
              "isleaf": "1",
              "isshow": "1",
              "label": "Objective-C",
              "name": "Objective-C",
              "orderby": 4,
              "parentid": "1-3"
            },
            {
              "id": "1-3-5",
              "isleaf": "1",
              "isshow": "1",
              "label": "Go语言",
              "name": "Go语言",
              "orderby": 5,
              "parentid": "1-3"
            },
            {
              "id": "1-3-6",
              "isleaf": "1",
              "isshow": "1",
              "label": "Python",
              "name": "Python",
              "orderby": 6,
              "parentid": "1-3"
            },
            {
              "id": "1-3-7",
              "isleaf": "1",
              "isshow": "1",
              "label": "Ruby/Rails",
              "name": "Ruby/Rails",
              "orderby": 7,
              "parentid": "1-3"
            },
            {
              "id": "1-3-8",
              "isleaf": "1",
              "isshow": "1",
              "label": "其它",
              "name": "其它",
              "orderby": 8,
              "parentid": "1-3"
            }
          ],
          "id": "1-3",
          "isleaf": "0",
          "isshow": "1",
          "label": "编程开发",
          "name": "编程开发",
          "orderby": 3,
          "parentid": "1"
        },
        {
          "children": [
            {
              "id": "1-4-1",
              "isleaf": "1",
              "isshow": "1",
              "label": "Oracle",
              "name": "Oracle",
              "orderby": 1,
              "parentid": "1-4"
            },
            {
              "id": "1-4-2",
              "isleaf": "1",
              "isshow": "1",
              "label": "MySQL",
              "name": "MySQL",
              "orderby": 2,
              "parentid": "1-4"
            },
            {
              "id": "1-4-3",
              "isleaf": "1",
              "isshow": "1",
              "label": "SQL Server",
              "name": "SQL Server",
              "orderby": 3,
              "parentid": "1-4"
            },
            {
              "id": "1-4-4",
              "isleaf": "1",
              "isshow": "1",
              "label": "DB2",
              "name": "DB2",
              "orderby": 4,
              "parentid": "1-4"
            },
            {
              "id": "1-4-5",
              "isleaf": "1",
              "isshow": "1",
              "label": "NoSQL",
              "name": "NoSQL",
              "orderby": 5,
              "parentid": "1-4"
            },
            {
              "id": "1-4-6",
              "isleaf": "1",
              "isshow": "1",
              "label": "Mongo DB",
              "name": "Mongo DB",
              "orderby": 6,
              "parentid": "1-4"
            },
            {
              "id": "1-4-7",
              "isleaf": "1",
              "isshow": "1",
              "label": "Hbase",
              "name": "Hbase",
              "orderby": 7,
              "parentid": "1-4"
            },
            {
              "id": "1-4-8",
              "isleaf": "1",
              "isshow": "1",
              "label": "数据仓库",
              "name": "数据仓库",
              "orderby": 8,
              "parentid": "1-4"
            },
            {
              "id": "1-4-9",
              "isleaf": "1",
              "isshow": "1",
              "label": "其它",
              "name": "其它",
              "orderby": 9,
              "parentid": "1-4"
            }
          ],
          "id": "1-4",
          "isleaf": "0",
          "isshow": "1",
          "label": "数据库",
          "name": "数据库",
          "orderby": 4,
          "parentid": "1"
        },
        {
          "children": [
            {
              "id": "1-5-1",
              "isleaf": "1",
              "isshow": "1",
              "label": "机器学习",
              "name": "机器学习",
              "orderby": 1,
              "parentid": "1-5"
            },
            {
              "id": "1-5-2",
              "isleaf": "1",
              "isshow": "1",
              "label": "深度学习",
              "name": "深度学习",
              "orderby": 2,
              "parentid": "1-5"
            },
            {
              "id": "1-5-3",
              "isleaf": "1",
              "isshow": "1",
              "label": "语音识别",
              "name": "语音识别",
              "orderby": 3,
              "parentid": "1-5"
            },
            {
              "id": "1-5-4",
              "isleaf": "1",
              "isshow": "1",
              "label": "计算机视觉",
              "name": "计算机视觉",
              "orderby": 4,
              "parentid": "1-5"
            },
            {
              "id": "1-5-5",
              "isleaf": "1",
              "isshow": "1",
              "label": "NLP",
              "name": "NLP",
              "orderby": 5,
              "parentid": "1-5"
            },
            {
              "id": "1-5-6",
              "isleaf": "1",
              "isshow": "1",
              "label": "强化学习",
              "name": "强化学习",
              "orderby": 6,
              "parentid": "1-5"
            },
            {
              "id": "1-5-7",
              "isleaf": "1",
              "isshow": "1",
              "label": "其它",
              "name": "其它",
              "orderby": 7,
              "parentid": "1-5"
            }
          ],
          "id": "1-5",
          "isleaf": "0",
          "isshow": "1",
          "label": "人工智能",
          "name": "人工智能",
          "orderby": 5,
          "parentid": "1"
        },
        {
          "children": [
            {
              "id": "1-6-1",
              "isleaf": "1",
              "isshow": "1",
              "label": "Spark",
              "name": "Spark",
              "orderby": 1,
              "parentid": "1-6"
            },
            {
              "id": "1-6-2",
              "isleaf": "1",
              "isshow": "1",
              "label": "Hadoop",
              "name": "Hadoop",
              "orderby": 2,
              "parentid": "1-6"
            },
            {
              "id": "1-6-3",
              "isleaf": "1",
              "isshow": "1",
              "label": "OpenStack",
              "name": "OpenStack",
              "orderby": 3,
              "parentid": "1-6"
            },
            {
              "id": "1-6-4",
              "isleaf": "1",
              "isshow": "1",
              "label": "Docker/K8S",
              "name": "Docker/K8S",
              "orderby": 4,
              "parentid": "1-6"
            },
            {
              "id": "1-6-5",
              "isleaf": "1",
              "isshow": "1",
              "label": "云计算基础架构",
              "name": "云计算基础架构",
              "orderby": 5,
              "parentid": "1-6"
            },
            {
              "id": "1-6-6",
              "isleaf": "1",
              "isshow": "1",
              "label": "虚拟化技术",
              "name": "虚拟化技术",
              "orderby": 6,
              "parentid": "1-6"
            },
            {
              "id": "1-6-7",
              "isleaf": "1",
              "isshow": "1",
              "label": "云平台",
              "name": "云平台",
              "orderby": 7,
              "parentid": "1-6"
            },
            {
              "id": "1-6-8",
              "isleaf": "1",
              "isshow": "1",
              "label": "ELK",
              "name": "ELK",
              "orderby": 8,
              "parentid": "1-6"
            },
            {
              "id": "1-6-9",
              "isleaf": "1",
              "isshow": "1",
              "label": "其它",
              "name": "其它",
              "orderby": 9,
              "parentid": "1-6"
            }
          ],
          "id": "1-6",
          "isleaf": "0",
          "isshow": "1",
          "label": "云计算/大数据",
          "name": "云计算/大数据",
          "orderby": 6,
          "parentid": "1"
        },
        {
          "children": [
            {
              "id": "1-7-1",
              "isleaf": "1",
              "isshow": "1",
              "label": "Photoshop",
              "name": "Photoshop",
              "orderby": 1,
              "parentid": "1-7"
            },
            {
              "id": "1-7-2",
              "isleaf": "1",
              "isshow": "1",
              "label": "3Dmax",
              "name": "3Dmax",
              "orderby": 2,
              "parentid": "1-7"
            },
            {
              "id": "1-7-3",
              "isleaf": "1",
              "isshow": "1",
              "label": "Illustrator",
              "name": "Illustrator",
              "orderby": 3,
              "parentid": "1-7"
            },
            {
              "id": "1-7-4",
              "isleaf": "1",
              "isshow": "1",
              "label": "Flash",
              "name": "Flash",
              "orderby": 4,
              "parentid": "1-7"
            },
            {
              "id": "1-7-5",
              "isleaf": "1",
              "isshow": "1",
              "label": "Maya",
              "name": "Maya",
              "orderby": 5,
              "parentid": "1-7"
            },
            {
              "id": "1-7-6",
              "isleaf": "1",
              "isshow": "1",
              "label": "AUTOCAD",
              "name": "AUTOCAD",
              "orderby": 6,
              "parentid": "1-7"
            },
            {
              "id": "1-7-7",
              "isleaf": "1",
              "isshow": "1",
              "label": "UG",
              "name": "UG",
              "orderby": 7,
              "parentid": "1-7"
            },
            {
              "id": "1-7-8",
              "isleaf": "1",
              "isshow": "1",
              "label": "SolidWorks",
              "name": "SolidWorks",
              "orderby": 8,
              "parentid": "1-7"
            },
            {
              "id": "1-7-9",
              "isleaf": "1",
              "isshow": "1",
              "label": "CorelDraw",
              "name": "CorelDraw",
              "orderby": 9,
              "parentid": "1-7"
            },
            {
              "id": "1-7-10",
              "isleaf": "1",
              "isshow": "1",
              "label": "InDesign",
              "name": "InDesign",
              "orderby": 10,
              "parentid": "1-7"
            },
            {
              "id": "1-7-11",
              "isleaf": "1",
              "isshow": "1",
              "label": "Pro/Engineer",
              "name": "Pro/Engineer",
              "orderby": 11,
              "parentid": "1-7"
            },
            {
              "id": "1-7-12",
              "isleaf": "1",
              "isshow": "1",
              "label": "Cinema 4D",
              "name": "Cinema 4D",
              "orderby": 12,
              "parentid": "1-7"
            },
            {
              "id": "1-7-13",
              "isleaf": "1",
              "isshow": "1",
              "label": "3D Studio",
              "name": "3D Studio",
              "orderby": 13,
              "parentid": "1-7"
            },
            {
              "id": "1-7-14",
              "isleaf": "1",
              "isshow": "1",
              "label": "After Effects（AE）",
              "name": "After Effects（AE）",
              "orderby": 14,
              "parentid": "1-7"
            },
            {
              "id": "1-7-15",
              "isleaf": "1",
              "isshow": "1",
              "label": "原画设计",
              "name": "原画设计",
              "orderby": 15,
              "parentid": "1-7"
            },
            {
              "id": "1-7-16",
              "isleaf": "1",
              "isshow": "1",
              "label": "动画制作",
              "name": "动画制作",
              "orderby": 16,
              "parentid": "1-7"
            },
            {
              "id": "1-7-17",
              "isleaf": "1",
              "isshow": "1",
              "label": "Dreamweaver",
              "name": "Dreamweaver",
              "orderby": 17,
              "parentid": "1-7"
            },
            {
              "id": "1-7-18",
              "isleaf": "1",
              "isshow": "1",
              "label": "Axure",
              "name": "Axure",
              "orderby": 18,
              "parentid": "1-7"
            },
            {
              "id": "1-7-19",
              "isleaf": "1",
              "isshow": "1",
              "label": "其它",
              "name": "其它",
              "orderby": 19,
              "parentid": "1-7"
            }
          ],
          "id": "1-7",
          "isleaf": "0",
          "isshow": "1",
          "label": "UI设计",
          "name": "UI设计",
          "orderby": 7,
          "parentid": "1"
        },
        {
          "children": [
            {
              "id": "1-8-1",
              "isleaf": "1",
              "isshow": "1",
              "label": "Cocos",
              "name": "Cocos",
              "orderby": 1,
              "parentid": "1-8"
            },
            {
              "id": "1-8-2",
              "isleaf": "1",
              "isshow": "1",
              "label": "Unity3D",
              "name": "Unity3D",
              "orderby": 2,
              "parentid": "1-8"
            },
            {
              "id": "1-8-3",
              "isleaf": "1",
              "isshow": "1",
              "label": "Flash",
              "name": "Flash",
              "orderby": 3,
              "parentid": "1-8"
            },
            {
              "id": "1-8-4",
              "isleaf": "1",
              "isshow": "1",
              "label": "SpriteKit 2D",
              "name": "SpriteKit 2D",
              "orderby": 4,
              "parentid": "1-8"
            },
            {
              "id": "1-8-5",
              "isleaf": "1",
              "isshow": "1",
              "label": "Unreal",
              "name": "Unreal",
              "orderby": 5,
              "parentid": "1-8"
            },
            {
              "id": "1-8-6",
              "isleaf": "1",
              "isshow": "1",
              "label": "其它",
              "name": "其它",
              "orderby": 6,
              "parentid": "1-8"
            }
          ],
          "id": "1-8",
          "isleaf": "0",
          "isshow": "1",
          "label": "游戏开发",
          "name": "游戏开发",
          "orderby": 8,
          "parentid": "1"
        },
        {
          "children": [
            {
              "id": "1-9-1",
              "isleaf": "1",
              "isshow": "1",
              "label": "无线通信",
              "name": "无线通信",
              "orderby": 1,
              "parentid": "1-9"
            },
            {
              "id": "1-9-2",
              "isleaf": "1",
              "isshow": "1",
              "label": "电子工程",
              "name": "电子工程",
              "orderby": 2,
              "parentid": "1-9"
            },
            {
              "id": "1-9-3",
              "isleaf": "1",
              "isshow": "1",
              "label": "Arduino",
              "name": "Arduino",
              "orderby": 3,
              "parentid": "1-9"
            },
            {
              "id": "1-9-4",
              "isleaf": "1",
              "isshow": "1",
              "label": "体感技术",
              "name": "体感技术",
              "orderby": 4,
              "parentid": "1-9"
            },
            {
              "id": "1-9-5",
              "isleaf": "1",
              "isshow": "1",
              "label": "智能硬件",
              "name": "智能硬件",
              "orderby": 5,
              "parentid": "1-9"
            },
            {
              "id": "1-9-6",
              "isleaf": "1",
              "isshow": "1",
              "label": "驱动/内核开发",
              "name": "驱动/内核开发",
              "orderby": 6,
              "parentid": "1-9"
            },
            {
              "id": "1-9-7",
              "isleaf": "1",
              "isshow": "1",
              "label": "单片机/工控",
              "name": "单片机/工控",
              "orderby": 7,
              "parentid": "1-9"
            },
            {
              "id": "1-9-8",
              "isleaf": "1",
              "isshow": "1",
              "label": "WinCE",
              "name": "WinCE",
              "orderby": 8,
              "parentid": "1-9"
            },
            {
              "id": "1-9-9",
              "isleaf": "1",
              "isshow": "1",
              "label": "嵌入式",
              "name": "嵌入式",
              "orderby": 9,
              "parentid": "1-9"
            },
            {
              "id": "1-9-10",
              "isleaf": "1",
              "isshow": "1",
              "label": "物联网技术",
              "name": "物联网技术",
              "orderby": 10,
              "parentid": "1-9"
            },
            {
              "id": "1-9-11",
              "isleaf": "1",
              "isshow": "1",
              "label": "其它",
              "name": "其它",
              "orderby": 11,
              "parentid": "1-9"
            }
          ],
          "id": "1-9",
          "isleaf": "0",
          "isshow": "1",
          "label": "智能硬件/物联网",
          "name": "智能硬件/物联网",
          "orderby": 9,
          "parentid": "1"
        },
        {
          "children": [
            {
              "id": "1-10-1",
              "isleaf": "1",
              "isshow": "1",
              "label": "敏捷开发",
              "name": "敏捷开发",
              "orderby": 1,
              "parentid": "1-10"
            },
            {
              "id": "1-10-2",
              "isleaf": "1",
              "isshow": "1",
              "label": "软件设计",
              "name": "软件设计",
              "orderby": 2,
              "parentid": "1-10"
            },
            {
              "id": "1-10-3",
              "isleaf": "1",
              "isshow": "1",
              "label": "软件测试",
              "name": "软件测试",
              "orderby": 3,
              "parentid": "1-10"
            },
            {
              "id": "1-10-4",
              "isleaf": "1",
              "isshow": "1",
              "label": "研发管理",
              "name": "研发管理",
              "orderby": 4,
              "parentid": "1-10"
            },
            {
              "id": "1-10-5",
              "isleaf": "1",
              "isshow": "1",
              "label": "其它",
              "name": "其它",
              "orderby": 5,
              "parentid": "1-10"
            }
          ],
          "id": "1-10",
          "isleaf": "0",
          "isshow": "1",
          "label": "研发管理",
          "name": "研发管理",
          "orderby": 10,
          "parentid": "1"
        },
        {
          "children": [
            {
              "id": "1-11-1",
              "isleaf": "1",
              "isshow": "1",
              "label": "Linux",
              "name": "Linux",
              "orderby": 1,
              "parentid": "1-11"
            },
            {
              "id": "1-11-2",
              "isleaf": "1",
              "isshow": "1",
              "label": "Windows",
              "name": "Windows",
              "orderby": 2,
              "parentid": "1-11"
            },
            {
              "id": "1-11-3",
              "isleaf": "1",
              "isshow": "1",
              "label": "UNIX",
              "name": "UNIX",
              "orderby": 3,
              "parentid": "1-11"
            },
            {
              "id": "1-11-4",
              "isleaf": "1",
              "isshow": "1",
              "label": "Mac OS",
              "name": "Mac OS",
              "orderby": 4,
              "parentid": "1-11"
            },
            {
              "id": "1-11-5",
              "isleaf": "1",
              "isshow": "1",
              "label": "网络技术",
              "name": "网络技术",
              "orderby": 5,
              "parentid": "1-11"
            },
            {
              "id": "1-11-6",
              "isleaf": "1",
              "isshow": "1",
              "label": "路由协议",
              "name": "路由协议",
              "orderby": 6,
              "parentid": "1-11"
            },
            {
              "id": "1-11-7",
              "isleaf": "1",
              "isshow": "1",
              "label": "无线网络",
              "name": "无线网络",
              "orderby": 7,
              "parentid": "1-11"
            },
            {
              "id": "1-11-8",
              "isleaf": "1",
              "isshow": "1",
              "label": "Ngnix",
              "name": "Ngnix",
              "orderby": 8,
              "parentid": "1-11"
            },
            {
              "id": "1-11-9",
              "isleaf": "1",
              "isshow": "1",
              "label": "邮件服务器",
              "name": "邮件服务器",
              "orderby": 9,
              "parentid": "1-11"
            },
            {
              "id": "1-11-10",
              "isleaf": "1",
              "isshow": "1",
              "label": "其它",
              "name": "其它",
              "orderby": 10,
              "parentid": "1-11"
            }
          ],
          "id": "1-11",
          "isleaf": "0",
          "isshow": "1",
          "label": "系统运维",
          "name": "系统运维",
          "orderby": 11,
          "parentid": "1"
        },
        {
          "children": [
            {
              "id": "1-12-1",
              "isleaf": "1",
              "isshow": "1",
              "label": "交互设计",
              "name": "交互设计",
              "orderby": 1,
              "parentid": "1-12"
            },
            {
              "id": "1-12-2",
              "isleaf": "1",
              "isshow": "1",
              "label": "产品设计",
              "name": "产品设计",
              "orderby": 2,
              "parentid": "1-12"
            },
            {
              "id": "1-12-3",
              "isleaf": "1",
              "isshow": "1",
              "label": "原型设计",
              "name": "原型设计",
              "orderby": 3,
              "parentid": "1-12"
            },
            {
              "id": "1-12-4",
              "isleaf": "1",
              "isshow": "1",
              "label": "用户体验",
              "name": "用户体验",
              "orderby": 4,
              "parentid": "1-12"
            },
            {
              "id": "1-12-5",
              "isleaf": "1",
              "isshow": "1",
              "label": "需求分析",
              "name": "需求分析",
              "orderby": 5,
              "parentid": "1-12"
            },
            {
              "id": "1-12-6",
              "isleaf": "1",
              "isshow": "1",
              "label": "其它",
              "name": "其它",
              "orderby": 6,
              "parentid": "1-12"
            }
          ],
          "id": "1-12",
          "isleaf": "0",
          "isshow": "1",
          "label": "产品经理",
          "name": "产品经理",
          "orderby": 12,
          "parentid": "1"
        },
        {
          "children": [
            {
              "id": "1-13-1",
              "isleaf": "1",
              "isshow": "1",
              "label": "运营管理",
              "name": "运营管理",
              "orderby": 1,
              "parentid": "1-13"
            },
            {
              "id": "1-13-2",
              "isleaf": "1",
              "isshow": "1",
              "label": "企业信息化",
              "name": "企业信息化",
              "orderby": 2,
              "parentid": "1-13"
            },
            {
              "id": "1-13-3",
              "isleaf": "1",
              "isshow": "1",
              "label": "网络营销",
              "name": "网络营销",
              "orderby": 3,
              "parentid": "1-13"
            },
            {
              "id": "1-13-4",
              "isleaf": "1",
              "isshow": "1",
              "label": "Office/WPS",
              "name": "Office/WPS",
              "orderby": 4,
              "parentid": "1-13"
            },
            {
              "id": "1-13-5",
              "isleaf": "1",
              "isshow": "1",
              "label": "招聘/面试",
              "name": "招聘/面试",
              "orderby": 5,
              "parentid": "1-13"
            },
            {
              "id": "1-13-6",
              "isleaf": "1",
              "isshow": "1",
              "label": "电子商务",
              "name": "电子商务",
              "orderby": 6,
              "parentid": "1-13"
            },
            {
              "id": "1-13-7",
              "isleaf": "1",
              "isshow": "1",
              "label": "CRM",
              "name": "CRM",
              "orderby": 7,
              "parentid": "1-13"
            },
            {
              "id": "1-13-8",
              "isleaf": "1",
              "isshow": "1",
              "label": "ERP",
              "name": "ERP",
              "orderby": 8,
              "parentid": "1-13"
            },
            {
              "id": "1-13-9",
              "isleaf": "1",
              "isshow": "1",
              "label": "其它",
              "name": "其它",
              "orderby": 9,
              "parentid": "1-13"
            }
          ],
          "id": "1-13",
          "isleaf": "0",
          "isshow": "1",
          "label": "企业/办公/职场",
          "name": "企业/办公/职场",
          "orderby": 13,
          "parentid": "1"
        },
        {
          "children": [
            {
              "id": "1-14-1",
              "isleaf": "1",
              "isshow": "1",
              "label": "密码学/加密/破解",
              "name": "密码学/加密/破解",
              "orderby": 1,
              "parentid": "1-14"
            },
            {
              "id": "1-14-2",
              "isleaf": "1",
              "isshow": "1",
              "label": "渗透测试",
              "name": "渗透测试",
              "orderby": 2,
              "parentid": "1-14"
            },
            {
              "id": "1-14-3",
              "isleaf": "1",
              "isshow": "1",
              "label": "社会工程",
              "name": "社会工程",
              "orderby": 3,
              "parentid": "1-14"
            },
            {
              "id": "1-14-4",
              "isleaf": "1",
              "isshow": "1",
              "label": "漏洞挖掘与利用",
              "name": "漏洞挖掘与利用",
              "orderby": 4,
              "parentid": "1-14"
            },
            {
              "id": "1-14-5",
              "isleaf": "1",
              "isshow": "1",
              "label": "云安全",
              "name": "云安全",
              "orderby": 5,
              "parentid": "1-14"
            },
            {
              "id": "1-14-6",
              "isleaf": "1",
              "isshow": "1",
              "label": "防护加固",
              "name": "防护加固",
              "orderby": 6,
              "parentid": "1-14"
            },
            {
              "id": "1-14-7",
              "isleaf": "1",
              "isshow": "1",
              "label": "代码审计",
              "name": "代码审计",
              "orderby": 7,
              "parentid": "1-14"
            },
            {
              "id": "1-14-8",
              "isleaf": "1",
              "isshow": "1",
              "label": "移动安全",
              "name": "移动安全",
              "orderby": 8,
              "parentid": "1-14"
            },
            {
              "id": "1-14-9",
              "isleaf": "1",
              "isshow": "1",
              "label": "病毒木马",
              "name": "病毒木马",
              "orderby": 9,
              "parentid": "1-14"
            },
            {
              "id": "1-14-10",
              "isleaf": "1",
              "isshow": "1",
              "label": "其它",
              "name": "其它",
              "orderby": 10,
              "parentid": "1-14"
            }
          ],
          "id": "1-14",
          "isleaf": "0",
          "isshow": "1",
          "label": "信息安全",
          "name": "信息安全",
          "orderby": 14,
          "parentid": "1"
        }
      ],
      "id": "1",
      "isleaf": "0",
      "isshow": "1",
      "label": "根结点",
      "name": "根结点",
      "orderby": 1,
      "parentid": "0"
    }
  ]
}
